<paquet
	prefix="videos"
	categorie="multimedia"
	version="0.10.2"
	etat="dev"
	compatibilite="[3.0.0;3.0.*]"
	logo="theme/img/videos-32.png"
	schema="0.3"
	documentation="http://www.spip-contrib.net/?article3636"
>	

	<nom>Vid&#233;o(s)</nom>
	<!-- Interface de gestion et modèles d'insertion de vidéos -->

	<auteur lien="http://demo.apsulis.com" mail="XDjuj@apsulis.com">XDjuj</auteur>

	<copyright>2010</copyright>

	<licence lien="http://www.gnu.org/licenses/gpl-3.0.html">GPL 3</licence>

	<pipeline nom="insert_head" inclure="videos3_pipelines.php" />
	<pipeline nom="header_prive" action="insert_head" inclure="videos3_pipelines.php" />
	<pipeline nom="jquery_plugins" inclure="videos3_pipelines.php" />
	<pipeline nom="affiche_gauche" inclure="videos3_pipelines.php" />

	<necessite nom="medias" compatibilite="[2.7.27;[" />

	<menu nom="videos" titre="videos:titre_admin" parent="menu_squelette" icone="images/videos-16.png" action="configurer_videos" />
</paquet>
